City_ID,City,Country,Lat,Lng,Max Temp,Humidity,Cloudiness,Wind Speed,Current Description
0,Bambous Virieux,MU,-20.3428,57.7575,73.22,70,100,23.42,light rain
1,Yako,BF,12.9667,-2.2667,73.6,85,46,6.58,scattered clouds
2,Hilo,US,19.7297,-155.09,78.53,85,90,5.75,moderate rain
3,Butaritari,KI,3.0707,172.7902,82.49,71,8,8.97,light rain
4,Hobart,AU,-42.8794,147.3294,54.1,62,40,5.01,scattered clouds
5,Muroto,JP,33.2833,134.15,81.9,72,2,8.3,clear sky
6,Ushuaia,AR,-54.8,-68.3,49.66,50,90,19.57,overcast clouds
7,Biltine,TD,14.5333,20.9167,78.4,70,99,8.61,overcast clouds
8,Kapaa,US,22.0752,-159.319,82.38,76,90,3.0,overcast clouds
9,Messina,IT,38.1933,15.5497,82.65,61,0,4.0,clear sky
10,Rikitea,PF,-23.1203,-134.9692,73.4,81,46,11.14,light rain
11,Puerto Ayora,EC,-0.7393,-90.3518,71.17,89,33,5.48,scattered clouds
12,Carnarvon,AU,-24.8667,113.6333,66.27,58,40,14.97,scattered clouds
13,Grindavik,IS,63.8424,-22.4338,50.47,93,0,11.5,clear sky
14,Port Alfred,ZA,-33.5906,26.891,54.73,86,15,9.75,few clouds
15,Punta Arenas,CL,-53.15,-70.9167,42.91,70,0,4.61,clear sky
16,Arraial Do Cabo,BR,-22.9661,-42.0278,63.43,82,100,26.89,overcast clouds
17,Nikolskoye,RU,59.7035,30.7861,69.4,89,69,6.42,broken clouds
18,Mahebourg,MU,-20.4081,57.7,73.26,71,100,23.58,light rain
19,Pacific Grove,US,36.6177,-121.9166,69.03,88,40,1.01,scattered clouds
20,Ballina,AU,-28.8667,153.5667,73.58,40,5,7.54,clear sky
21,Avarua,CK,-21.2078,-159.775,68.05,88,75,8.05,moderate rain
22,Vitim,RU,59.4511,112.5578,85.51,26,13,12.48,few clouds
23,Ribeira Grande,PT,38.5167,-28.7,70.0,88,34,7.81,scattered clouds
24,Omboue,GA,-1.5746,9.2618,70.66,90,79,5.46,broken clouds
25,Hami,CN,42.8,93.45,101.77,12,66,14.23,broken clouds
26,Barrow,US,71.2906,-156.7887,50.02,93,90,9.22,moderate rain
27,Mataura,NZ,-46.1927,168.8643,54.48,87,79,3.89,broken clouds
28,Busselton,AU,-33.65,115.3333,63.05,75,23,30.78,few clouds
29,Malinovskiy,RU,61.1953,62.8397,46.26,90,100,5.91,light rain
30,Tasiilaq,GL,65.6145,-37.6368,42.96,64,85,6.55,overcast clouds
31,Airai,TL,-8.9266,125.4092,78.3,29,6,4.9,clear sky
32,Vuktyl,RU,63.8567,57.3094,48.09,86,100,4.38,overcast clouds
33,Georgetown,MY,5.4112,100.3354,87.73,77,20,1.01,few clouds
34,Torbay,CA,47.6666,-52.7314,67.75,96,100,10.4,overcast clouds
35,Freetown,SL,8.484,-13.2299,76.33,81,100,11.12,overcast clouds
36,Qaanaaq,GL,77.484,-69.3632,42.91,95,100,3.11,light rain
37,Khatanga,RU,71.9667,102.5,73.65,49,70,7.45,broken clouds
38,Yellowknife,CA,62.456,-114.3525,60.3,100,68,8.99,light rain
39,Teguise,ES,29.0605,-13.564,66.42,83,0,19.57,clear sky
40,Te Anau,NZ,-45.4167,167.7167,50.59,83,92,1.68,overcast clouds
41,Lavrentiya,RU,65.5833,-171.0,44.76,96,99,7.45,overcast clouds
42,Bronderslev,DK,57.2702,9.941,60.66,95,89,8.03,overcast clouds
43,Port Elizabeth,ZA,-33.918,25.5701,52.14,86,50,7.2,scattered clouds
44,Haines Junction,CA,60.7522,-137.5108,55.45,70,51,5.37,broken clouds
45,Morant Bay,JM,17.8815,-76.4093,75.61,83,43,7.63,scattered clouds
46,Atuona,PF,-9.8,-139.0333,77.25,69,63,17.43,broken clouds
47,Bluff,NZ,-46.6,168.3333,54.81,78,85,8.75,overcast clouds
48,Dingle,PH,10.9995,122.6711,90.27,58,50,16.33,scattered clouds
49,Ravar,IR,31.2656,56.8055,84.06,14,48,13.09,scattered clouds
50,Agua Branca,BR,-5.8922,-42.6361,78.85,51,91,2.53,overcast clouds
51,Basar,IN,27.9833,94.6667,85.46,93,100,0.92,overcast clouds
52,Aklavik,CA,68.2191,-135.0107,58.48,83,100,6.93,overcast clouds
53,Acajutla,SV,13.5928,-89.8275,76.8,88,100,4.97,light rain
54,Luganville,VU,-15.5333,167.1667,78.28,84,59,9.4,broken clouds
55,Bubaque,GW,11.2833,-15.8333,78.33,86,100,15.03,light rain
56,Geraldton,AU,-28.7667,114.6,68.41,73,40,20.71,scattered clouds
57,Akdepe,TM,42.0551,59.3788,75.29,33,80,5.75,broken clouds
58,Saint-Philippe,RE,-21.3585,55.7679,73.22,81,98,19.73,light rain
59,Sao Filipe,CV,14.8961,-24.4956,74.3,75,81,4.5,broken clouds
60,Los Andes,CL,-32.8337,-70.5983,52.57,18,0,6.24,clear sky
61,Dikson,RU,73.5069,80.5464,39.02,94,64,7.0,broken clouds
62,Samaipata,BO,-18.15,-63.8667,36.19,41,100,5.82,overcast clouds
63,Kitimat,CA,54.0524,-128.6534,62.98,95,100,2.35,light rain
64,Bima,ID,-8.4667,118.7167,92.01,48,13,8.37,few clouds
65,Vaini,TO,-21.2,-175.2,69.96,83,20,10.36,few clouds
66,Hithadhoo,MV,-0.6,73.0833,80.74,74,100,6.67,light rain
67,Severo-Kurilsk,RU,50.6789,156.125,59.27,90,85,1.7,overcast clouds
68,Cape Town,ZA,-33.9258,18.4232,54.88,87,75,5.99,moderate rain
69,Ketchikan,US,55.3422,-131.6461,59.47,82,75,4.61,broken clouds
70,Taree,AU,-31.9,152.4667,65.34,29,1,13.8,clear sky
71,Laguna,US,38.421,-121.4238,89.44,44,1,1.99,clear sky
72,Coruripe,BR,-10.1256,-36.1756,71.38,87,0,4.5,clear sky
73,Palana,RU,59.1167,159.9667,49.8,62,100,11.65,overcast clouds
74,Erenhot,CN,43.6475,111.9767,83.14,35,7,3.22,clear sky
75,Port-Cartier,CA,50.0334,-66.8654,56.75,76,92,7.16,overcast clouds
76,Yerbogachen,RU,61.2767,108.0108,84.87,40,0,12.19,clear sky
77,Hasaki,JP,35.7333,140.8333,93.29,78,13,18.68,few clouds
78,Olhao,PT,37.0286,-7.8411,71.49,73,0,5.75,clear sky
79,Druskininkai,LT,54.0167,23.9667,66.65,97,100,4.47,overcast clouds
80,Homer,US,59.6425,-151.5483,60.08,74,75,9.22,broken clouds
81,Pisco,PE,-13.7,-76.2167,60.03,88,9,3.44,mist
82,Srednekolymsk,RU,67.45,153.6833,39.02,96,100,8.81,light rain
83,Bredasdorp,ZA,-34.5322,20.0403,56.39,62,75,16.73,broken clouds
84,Cabo San Lucas,MX,22.8909,-109.9124,86.61,64,1,9.55,clear sky
85,Borogontsy,RU,62.6683,131.1683,73.26,24,6,7.94,clear sky
86,Pevek,RU,69.7008,170.3133,32.76,98,100,25.52,snow
87,Port-Gentil,GA,-0.7193,8.7815,75.74,78,75,13.89,broken clouds
88,Moba,CN,33.2288,105.0179,78.98,40,0,3.78,clear sky
89,Almaznyy,RU,48.0448,40.045,71.74,48,8,8.19,clear sky
90,La Palma,US,33.8464,-118.0467,87.33,75,20,3.0,few clouds
91,Dunedin,NZ,-45.8742,170.5036,49.8,76,34,15.99,scattered clouds
92,Zadonsk,RU,52.3904,38.9261,71.74,62,5,7.2,clear sky
93,Tura,IN,25.5198,90.2201,81.7,77,100,9.28,overcast clouds
94,Jamestown,US,42.097,-79.2353,68.72,82,1,5.12,clear sky
95,Alcazar De San Juan,ES,39.3901,-3.2083,71.58,44,0,6.96,clear sky
96,Albany,US,42.6001,-73.9662,62.53,87,39,1.5,scattered clouds
97,Chicama,PE,-7.8447,-79.1469,65.64,85,93,7.25,overcast clouds
98,Baiyin,CN,36.5583,104.2081,87.22,15,0,5.32,clear sky
99,Salalah,OM,17.0151,54.0924,78.89,89,90,11.5,overcast clouds
100,Cidreira,BR,-30.1811,-50.2056,44.69,71,93,20.98,overcast clouds
101,Sisimiut,GL,66.9395,-53.6735,46.94,83,100,6.76,overcast clouds
102,Shizunai,JP,42.3339,142.3669,75.74,82,10,16.58,clear sky
103,Inuvik,CA,68.3499,-133.7218,59.23,79,100,3.83,overcast clouds
104,Coquimbo,CL,-29.9533,-71.3436,49.73,93,90,3.44,overcast clouds
105,Brae,GB,60.3964,-1.353,57.11,98,100,8.19,overcast clouds
106,Paducah,US,37.0834,-88.6001,76.6,96,1,0.0,mist
107,Acarau,BR,-2.8856,-40.12,76.6,90,21,10.07,few clouds
108,Vardo,NO,70.3705,31.1107,48.4,90,100,8.61,overcast clouds
109,Kavaratti,IN,10.5669,72.642,82.4,77,100,16.37,overcast clouds
110,Mazyr,BY,52.0495,29.2456,73.22,63,4,5.03,clear sky
111,Abonnema,NG,4.7084,6.7931,73.13,86,92,4.43,overcast clouds
112,Banda Aceh,ID,5.5577,95.3222,87.69,60,79,16.11,broken clouds
113,Port Lavaca,US,28.615,-96.6261,84.97,88,1,4.61,clear sky
114,Esperance,AU,-33.8667,121.9,67.84,66,34,25.14,scattered clouds
115,Saldanha,ZA,-33.0117,17.9442,56.62,80,65,14.61,broken clouds
116,Faanui,PF,-16.4833,-151.75,78.66,69,26,5.5,scattered clouds
117,Buriti Dos Lopes,BR,-3.175,-41.8669,73.29,98,50,3.71,scattered clouds
118,Panjakent,TJ,39.4952,67.6093,82.2,21,0,4.52,clear sky
119,Moose Factory,CA,51.2585,-80.6094,57.52,99,95,4.54,overcast clouds
120,Castro,BR,-24.7911,-50.0119,31.87,74,26,8.14,scattered clouds
121,New Norfolk,AU,-42.7826,147.0587,53.74,62,43,8.99,scattered clouds
122,Sur,OM,22.5667,59.5289,97.74,41,54,5.84,broken clouds
123,Souillac,MU,-20.5167,57.5167,73.36,74,100,22.41,light rain
124,Huangmei,CN,30.1924,116.025,90.39,54,2,7.02,clear sky
125,Neiafu,TO,-18.65,-173.9833,75.88,83,40,6.91,light intensity shower rain
126,Imbituba,BR,-28.24,-48.6703,49.89,65,4,11.52,clear sky
127,Svetlogorsk,BY,52.6333,29.7333,73.08,65,8,3.2,clear sky
128,Palmas,BR,-10.2128,-48.3603,69.67,68,0,5.75,clear sky
129,Saint George,US,37.1041,-113.5841,94.62,28,1,1.99,clear sky
130,Adre,TD,13.4667,22.2,72.79,88,78,5.82,broken clouds
131,Grand Gaube,MU,-20.0064,57.6608,73.38,70,94,11.99,overcast clouds
132,Mbandaka,CD,0.0487,18.2603,69.73,62,77,0.47,broken clouds
133,North Bend,US,43.4065,-124.2243,59.92,94,1,4.61,clear sky
134,Iracoubo,GF,5.4802,-53.2011,76.33,89,99,6.78,overcast clouds
135,Olinda,BR,-8.0089,-34.8553,71.33,88,75,4.61,broken clouds
136,Walvis Bay,NA,-22.9575,14.5053,50.09,74,0,12.37,clear sky
137,Namibe,AO,-15.1961,12.1522,63.73,78,2,1.83,clear sky
138,Henties Bay,NA,-22.116,14.2845,49.86,90,0,8.75,clear sky
139,Dawei,MM,14.0833,98.2,79.9,89,100,3.18,light rain
140,Kudahuvadhoo,MV,2.6708,72.8944,82.0,73,87,6.96,overcast clouds
141,Chokurdakh,RU,70.6333,147.9167,48.56,54,96,9.04,overcast clouds
142,Le Port,RE,-20.9373,55.2919,73.62,77,64,11.18,broken clouds
143,Havre-Saint-Pierre,CA,50.2334,-63.5986,53.49,82,99,8.05,overcast clouds
144,Chapais,CA,49.7834,-74.8492,54.64,71,100,4.9,overcast clouds
145,Saskylakh,RU,71.9167,114.0833,80.56,32,77,12.73,broken clouds
146,Lagoa,PT,39.05,-27.9833,69.28,87,62,6.42,broken clouds
147,Mouila,GA,-1.8685,11.0559,70.45,85,76,2.01,broken clouds
148,Pangnirtung,CA,66.1451,-65.7125,52.56,60,85,3.53,overcast clouds
149,Chuy,UY,-33.6971,-53.4616,40.35,78,51,11.41,broken clouds
150,Port Macquarie,AU,-31.4333,152.9167,66.88,32,3,14.0,clear sky
151,Mount Gambier,AU,-37.8333,140.7667,56.91,67,26,11.45,scattered clouds
152,Abha,SA,18.2164,42.5053,66.45,88,80,4.61,mist
153,Hermanus,ZA,-34.4187,19.2345,51.91,75,98,20.87,light rain
154,Karratha,AU,-20.7377,116.8463,76.96,51,28,14.83,scattered clouds
155,La Solana,ES,38.9442,-3.2381,74.44,37,0,8.08,clear sky
156,Richards Bay,ZA,-28.783,32.0377,54.54,48,3,5.77,clear sky
157,Abapo,BO,-18.8333,-63.4667,50.41,28,100,4.21,overcast clouds
158,Belorechensk,RU,44.76,39.87,72.32,40,0,8.9,clear sky
159,Leningradskiy,RU,69.3833,178.4167,33.4,100,100,16.51,snow
160,East London,ZA,-33.0153,27.9116,57.99,83,44,6.69,scattered clouds
161,Marzuq,YE,14.4,46.4667,76.21,69,97,9.89,overcast clouds
162,Palm Valley,US,30.1775,-81.3876,77.11,97,70,6.51,broken clouds
163,Tromso,NO,69.6496,18.957,49.37,76,75,1.99,broken clouds
164,Morgan City,US,29.6994,-91.2068,82.0,89,1,0.0,clear sky
165,Saint-Denis,FR,48.9167,2.3333,58.75,85,75,8.05,broken clouds
166,Umm Lajj,SA,25.0213,37.2685,87.35,68,38,5.7,scattered clouds
167,Iqaluit,CA,63.7506,-68.5145,40.69,86,59,4.56,broken clouds
168,Ancud,CL,-41.8697,-73.8203,44.13,92,8,4.05,clear sky
169,Manokwari,ID,-0.8667,134.0833,84.29,69,51,4.88,broken clouds
170,Ahipara,NZ,-35.1667,173.1667,57.97,87,77,5.46,broken clouds
171,Kaitangata,NZ,-46.2817,169.8464,53.92,79,55,8.84,broken clouds
172,Sri Aman,MY,1.2376,111.4621,94.51,47,47,3.76,scattered clouds
173,Sept-Iles,CA,50.2001,-66.3821,57.06,79,96,1.01,overcast clouds
174,Lorengau,PG,-2.0226,147.2712,84.63,74,52,6.82,broken clouds
175,Victoria,HK,22.2855,114.1577,93.96,80,99,11.01,overcast clouds
176,Puerto Penasco,MX,31.3167,-113.5333,88.92,70,25,1.01,scattered clouds
177,Lesosibirsk,RU,58.2358,92.4828,57.65,92,100,0.92,light rain
178,Upernavik,GL,72.7868,-56.1549,46.08,84,100,15.03,overcast clouds
179,Clyde River,CA,70.4692,-68.5914,41.41,78,20,5.03,few clouds
180,Los Llanos De Aridane,ES,28.6585,-17.9182,67.75,85,75,14.97,broken clouds
181,Dodola,ET,6.9833,39.1833,54.88,86,100,3.44,light rain
182,College,US,64.8569,-147.8028,62.92,87,75,0.0,broken clouds
183,Seymchan,RU,62.8833,152.4333,46.33,61,87,17.85,overcast clouds
184,Kendallville,US,41.4414,-85.265,76.48,95,1,5.75,clear sky
185,Port Lincoln,AU,-34.7333,135.8667,61.09,49,1,18.66,clear sky
186,Samana,DO,19.2056,-69.3369,77.88,85,12,10.04,few clouds
187,Kodiak,US,57.79,-152.4072,58.51,63,90,4.61,overcast clouds
188,Muros,ES,42.7762,-9.0603,62.1,81,7,11.21,clear sky
189,Hamilton,US,39.1834,-84.5333,76.73,88,1,3.44,clear sky
190,Brigantine,US,39.4101,-74.3646,75.02,93,1,4.61,clear sky
191,Guane,CU,22.2025,-84.0875,77.36,88,72,5.99,broken clouds
192,Sal Rei,CV,16.1833,-22.9167,75.76,75,98,7.9,overcast clouds
193,Lianzhou,CN,24.7811,112.3825,98.15,44,7,0.85,clear sky
194,Dubti,ET,11.7361,41.0853,80.62,65,100,12.73,overcast clouds
195,Codrington,AU,-38.2667,141.9667,55.74,73,46,10.8,scattered clouds
196,San Patricio,US,28.017,-97.5169,84.09,70,2,7.07,clear sky
197,Romanovo,RU,52.6182,81.2271,73.87,29,83,4.0,broken clouds
198,Mbinga,TZ,-10.9333,35.0167,55.42,59,69,2.13,broken clouds
199,Puerto Palomas,MX,31.7667,-107.6167,83.53,39,92,11.12,overcast clouds
200,Gat,IL,31.61,34.7642,81.28,76,6,5.26,clear sky
201,Kidal,ML,18.4411,1.4078,85.73,51,30,6.67,scattered clouds
202,San Cristobal,VE,7.7669,-72.225,65.05,98,99,3.71,overcast clouds
203,Kilindoni,TZ,-7.9139,39.6668,76.17,73,21,16.4,light rain
204,Tilichiki,RU,60.4667,166.1,58.89,44,41,15.17,scattered clouds
205,Eldama Ravine,KE,0.0516,35.7308,55.09,97,100,2.15,light rain
206,Ponta Do Sol,PT,32.6667,-17.1,70.72,75,26,6.42,scattered clouds
207,Lebu,CL,-37.6167,-73.65,48.42,72,0,6.04,clear sky
208,Sitka,US,57.0531,-135.33,62.49,72,20,10.36,few clouds
209,Kinsale,IE,51.7075,-8.5306,54.77,76,40,4.61,scattered clouds
210,Yeppoon,AU,-23.1333,150.7333,82.18,52,11,1.32,few clouds
211,Vanavara,RU,60.34,102.2797,87.33,31,100,9.33,overcast clouds
212,Aviles,ES,43.5547,-5.9248,63.79,88,20,2.3,few clouds
213,Carauari,BR,-4.8828,-66.8958,75.2,66,35,0.74,scattered clouds
214,Tiznit,MA,29.5833,-9.5,77.32,50,38,1.9,scattered clouds
215,Touros,BR,-5.1989,-35.4608,74.3,89,13,10.0,few clouds
216,Lata,PT,40.1629,-8.3327,59.92,95,2,1.23,clear sky
217,Ust-Ishim,RU,57.6935,71.1665,59.41,45,51,6.4,broken clouds
218,Morondava,MG,-20.2833,44.2833,68.88,50,0,10.51,clear sky
219,Sao Jose Da Coroa Grande,BR,-8.8978,-35.1478,72.14,87,7,2.21,clear sky
220,Mujiayingzi,CN,42.1167,118.7833,72.86,76,100,4.59,light rain
221,Aripuana,BR,-9.1667,-60.6333,78.31,49,33,6.17,scattered clouds
222,Deputatskiy,RU,69.3,139.9,53.42,44,37,10.2,scattered clouds
223,Mar Del Plata,AR,-38.0023,-57.5575,43.12,62,35,5.01,scattered clouds
224,Miyang,CN,24.4042,103.4428,78.37,75,55,2.66,broken clouds
225,Mikun,RU,62.3547,50.0771,56.3,75,96,3.94,overcast clouds
226,Dengfeng,CN,34.4553,113.0281,85.41,55,67,6.89,broken clouds
227,Coihaique,CL,-45.5752,-72.0662,39.15,87,0,9.22,clear sky
228,Vila Velha,BR,-20.3297,-40.2925,69.75,83,75,12.66,broken clouds
229,Iglesias,IT,39.3114,8.535,73.74,46,0,4.32,clear sky
230,Isangel,VU,-19.55,169.2667,75.76,62,14,8.01,few clouds
231,Vao,NC,-22.6667,167.4833,69.84,72,71,11.39,broken clouds
232,Jumla,NP,29.2747,82.1838,74.86,64,88,5.75,overcast clouds
233,Jhang,PK,33.6748,72.6963,83.61,80,100,2.98,overcast clouds
234,Katsuura,JP,35.1333,140.3,89.71,77,19,14.67,few clouds
235,Caceres,ES,39.522,-6.3748,66.79,48,0,3.74,clear sky
236,Fare,PF,-16.7,-151.0167,78.08,71,31,4.29,scattered clouds
237,Oros,BR,-6.2444,-38.9136,72.34,84,36,3.2,scattered clouds
238,Port Hardy,CA,50.6996,-127.4199,59.81,94,76,7.9,broken clouds
239,Ambon,ID,-3.6954,128.1814,89.74,66,40,4.61,scattered clouds
240,Gobabis,NA,-22.45,18.9667,41.99,48,0,4.41,clear sky
241,Canillo,AD,42.5833,1.6667,52.48,84,1,2.89,clear sky
242,Ixtapa,MX,20.7,-105.2,73.22,95,49,1.01,scattered clouds
243,Kulhudhuffushi,MV,6.6221,73.07,82.71,74,100,12.75,overcast clouds
244,Cairns,AU,-16.9167,145.7667,92.07,66,5,8.05,clear sky
245,Thompson,CA,55.7435,-97.8558,47.03,76,62,3.15,broken clouds
246,Dunmore Town,BS,25.5,-76.65,83.21,78,7,11.43,clear sky
247,Kozhva,RU,65.1073,57.0459,47.66,89,98,4.21,overcast clouds
248,Hovd,MN,48.0056,91.6419,70.43,33,15,8.72,few clouds
249,Longyearbyen,SJ,78.2186,15.6401,42.64,93,90,3.44,light intensity drizzle
250,Wanning,CN,18.8003,110.3967,91.92,62,100,12.28,overcast clouds
251,Poum,NC,-20.2333,164.0167,73.56,64,3,13.51,clear sky
252,Manzhouli,CN,49.6,117.4333,82.04,41,0,4.63,clear sky
253,Guerrero Negro,MX,27.9769,-114.0611,69.85,85,1,16.42,clear sky
254,Talcahuano,CL,-36.7167,-73.1167,47.88,66,0,5.75,clear sky
255,Thai Binh,VN,20.45,106.3333,89.6,75,99,2.73,overcast clouds
256,Nuuk,GL,64.1835,-51.7216,45.21,87,84,11.5,broken clouds
257,Tonantins,BR,-2.8731,-67.8022,73.36,81,20,1.12,few clouds
258,Moerai,PF,-22.4333,-151.3333,71.92,70,18,10.87,few clouds
259,Makakilo City,US,21.3469,-158.0858,79.12,68,90,5.75,overcast clouds
260,Zeya,RU,53.75,127.2667,73.65,78,99,2.37,overcast clouds
261,Kavieng,PG,-2.5744,150.7967,84.85,69,25,7.11,light rain
262,Paamiut,GL,61.994,-49.6678,42.69,92,43,5.55,scattered clouds
263,Flin Flon,CA,54.7682,-101.865,55.15,55,3,5.75,clear sky
264,Skjervoy,NO,70.0311,20.9714,48.2,78,83,3.78,broken clouds
265,Seminole,US,28.7086,-81.2081,78.28,95,100,2.95,overcast clouds
266,Ambatolampy,MG,-19.3833,47.4167,51.57,95,100,10.31,overcast clouds
267,Jakovo,RS,44.7534,20.2625,75.45,81,0,4.61,clear sky
268,Teguldet,RU,57.3064,88.1667,66.61,52,100,3.29,overcast clouds
269,Cabedelo,BR,-6.9811,-34.8339,74.07,85,5,9.48,clear sky
270,Banamba,ML,13.55,-7.45,72.16,91,100,4.52,overcast clouds
271,Bom Jesus,BR,-9.0744,-44.3586,68.61,45,0,1.07,clear sky
272,High Level,CA,58.5169,-117.136,60.01,64,16,0.58,few clouds
273,Mpanda,TZ,-6.3655,31.0409,61.65,50,10,0.51,clear sky
274,Iberia,US,29.9502,-91.7507,82.11,89,40,3.44,scattered clouds
275,Wohlen,CH,47.3524,8.2788,63.97,92,26,3.0,scattered clouds
276,Hobyo,SO,5.3505,48.5268,79.09,72,72,23.26,broken clouds
277,Provideniya,RU,64.3833,-173.3,48.31,81,90,15.66,light rain
278,San Rafael,AR,-34.6177,-68.3301,42.21,36,0,4.34,clear sky
279,Mazamari,PE,-11.3258,-74.5308,67.14,98,86,1.61,overcast clouds
280,Cascais,PT,38.6979,-9.4215,64.62,77,0,15.01,clear sky
281,Mayna,RU,54.1135,47.6231,61.43,77,100,4.79,light rain
282,Tyukhtet,RU,56.5389,89.3011,66.0,52,100,3.76,overcast clouds
283,Luderitz,NA,-26.6481,15.1594,52.38,75,0,15.19,clear sky
284,Constitucion,CL,-35.3333,-72.4167,49.14,64,0,5.7,clear sky
285,Sao Felix Do Xingu,BR,-6.6447,-51.995,70.61,52,9,0.74,clear sky
286,Betlitsa,RU,54.0095,33.9588,67.78,86,60,5.06,broken clouds
287,Saratoga Springs,US,43.0831,-73.7846,63.66,82,63,2.51,broken clouds
288,Sorong,ID,-0.8833,131.25,83.43,76,100,2.19,overcast clouds
289,Ilulissat,GL,69.2167,-51.1,48.22,71,45,2.3,scattered clouds
290,Southbridge,US,42.0751,-72.0334,64.51,96,27,2.93,scattered clouds
291,Atyrau,KZ,47.1167,51.8833,80.62,29,0,11.18,clear sky
292,Cheney,US,47.4874,-117.5758,80.62,36,75,5.75,broken clouds
293,Zarate,AR,-34.0981,-59.0286,38.95,75,1,4.18,clear sky
294,Fethiye,TR,36.6217,29.1164,87.67,31,0,7.31,clear sky
295,Onega,RU,63.9061,38.1404,60.24,72,7,8.28,clear sky
296,Klaksvik,FO,62.2266,-6.589,50.92,99,100,12.15,overcast clouds
297,Tual,ID,-5.6667,132.75,80.44,83,96,15.14,overcast clouds
298,Mitu,CO,1.1983,-70.1733,69.67,99,94,0.49,overcast clouds
299,Tiksi,RU,71.6872,128.8694,47.82,68,24,8.25,few clouds
300,Aketi,CD,2.7388,23.7833,69.57,95,100,1.99,overcast clouds
301,Atar,MR,20.5169,-13.0499,82.99,43,20,6.24,few clouds
302,Cherskiy,RU,68.75,161.3,36.91,81,100,22.95,overcast clouds
303,Cabinda,AO,-5.55,12.2,70.32,94,25,6.46,scattered clouds
304,Xacmaz,AZ,41.4635,48.806,77.94,44,88,5.77,overcast clouds
305,Nenjiang,CN,49.1833,125.2167,78.94,75,99,9.42,overcast clouds
306,Komsomolskiy,UZ,40.4272,71.7189,86.72,23,22,9.22,few clouds
307,Riyadh,SA,24.6877,46.7219,100.54,12,0,10.36,clear sky
308,Partapur,IN,23.6,74.1667,82.45,76,100,15.55,overcast clouds
309,Veinticinco De Mayo,AR,-35.4323,-60.1727,35.06,84,0,1.99,clear sky
310,Udachnyy,RU,66.4167,112.4,82.49,41,23,8.03,few clouds
311,Kochi,IN,9.9399,76.2602,84.18,72,92,6.29,overcast clouds
312,Suixi,CN,33.8907,116.7747,69.94,93,100,15.97,overcast clouds
313,Katima Mulilo,NA,-17.5,24.2667,46.74,70,25,2.86,scattered clouds
314,Lira,UG,2.235,32.9097,64.98,92,100,1.63,light rain
315,Luanda,AO,-8.8368,13.2343,68.0,94,20,4.61,few clouds
316,Fuyang,CN,32.9,115.8167,80.02,80,91,18.16,light rain
317,Batasan,PH,12.7667,120.7833,80.44,83,100,1.1,overcast clouds
318,Yelbarga,IN,15.6333,76.0167,79.02,65,96,24.0,overcast clouds
319,Pedro Ii,BR,-4.4247,-41.4586,68.04,91,51,2.51,broken clouds
320,Bethel,US,41.3712,-73.414,70.48,88,75,5.75,broken clouds
321,Fortuna,US,40.5982,-124.1573,70.41,93,1,0.0,clear sky
322,Da Nang,VN,16.0678,108.2208,100.45,46,20,14.97,few clouds
323,Berlevag,NO,70.8578,29.0864,46.35,87,75,4.61,broken clouds
324,Kruisfontein,ZA,-34.0033,24.7314,49.05,83,83,7.99,broken clouds
325,Nhlangano,SZ,-27.1167,31.2,44.71,39,0,6.17,clear sky
326,Sabang,ID,5.8933,95.3214,83.46,74,81,23.29,broken clouds
327,Pytalovo,RU,57.0679,27.9138,66.33,80,100,6.13,overcast clouds
328,Yizheng,CN,24.6706,103.4296,72.21,78,68,3.67,broken clouds
329,La Romana,DO,18.4273,-68.9728,75.0,88,11,6.64,few clouds
330,Saint-Pierre,RE,-21.3393,55.4781,73.29,60,0,21.85,clear sky
331,Mehamn,NO,71.0357,27.8492,46.31,93,90,8.05,overcast clouds
332,Toledo,ES,39.8333,-4.0,74.52,43,0,1.97,clear sky
333,Florence,IT,43.7667,11.25,73.29,88,0,3.44,clear sky
334,Tuatapere,NZ,-46.1333,167.6833,54.82,82,99,4.88,overcast clouds
335,Husavik,IS,66.0449,-17.3389,48.52,98,100,7.11,overcast clouds
336,Huangcun,CN,30.0145,118.4037,89.17,58,25,7.38,scattered clouds
337,Tafalla,ES,42.5269,-1.6745,61.68,88,0,4.05,clear sky
338,Porto Novo,BJ,6.4965,2.6036,73.8,85,92,4.05,overcast clouds
339,Bud,US,39.447,-86.1758,77.22,92,62,5.77,broken clouds
340,Rawson,AR,-43.3002,-65.1023,46.09,58,8,4.43,clear sky
341,Kemin,KG,42.7846,75.6892,84.11,29,0,6.42,clear sky
342,Cubuk,TR,40.2386,33.0322,66.76,51,0,3.44,clear sky
343,Ust-Koksa,RU,50.2696,85.6108,68.86,45,50,0.6,scattered clouds
344,Mnogovershinnyy,RU,53.9353,139.9242,70.5,79,80,5.99,light rain
345,Otawara,JP,36.8667,140.0333,81.93,81,88,3.47,overcast clouds
346,Huarmey,PE,-10.0681,-78.1522,64.45,85,57,9.06,broken clouds
347,Havoysund,NO,70.9963,24.6622,45.48,86,98,8.61,overcast clouds
348,Kokopo,PG,-4.352,152.2633,83.1,71,76,7.87,broken clouds
349,Labranzagrande,CO,5.5622,-72.575,63.25,95,97,3.78,overcast clouds
350,California City,US,35.1258,-117.9859,92.61,24,1,8.01,clear sky
351,Cristobal Obregon,MX,16.35,-93.5333,74.46,97,96,3.06,overcast clouds
352,Turukhansk,RU,65.8167,87.9833,68.83,51,100,6.13,overcast clouds
353,Puerto Madryn,AR,-42.7692,-65.0385,47.71,49,4,5.21,clear sky
354,El Bagre,CO,7.5927,-74.8086,75.31,99,100,0.63,overcast clouds
355,Aksarka,RU,66.5606,67.7975,57.11,62,87,6.67,overcast clouds
356,Zhangjiakou,CN,40.81,114.8794,78.69,57,100,12.19,overcast clouds
357,Araxa,BR,-19.5933,-46.9406,49.71,56,73,11.07,broken clouds
358,Canazas,PA,8.3167,-81.2167,74.55,92,76,2.55,broken clouds
359,Jiwani,PK,25.05,61.7417,84.2,81,99,8.14,overcast clouds
360,Ayan,RU,56.45,138.1667,57.09,96,100,18.79,moderate rain
361,Rio Gallegos,AR,-51.6226,-69.2181,43.32,74,100,11.03,overcast clouds
362,Tuy Hoa,VN,13.0833,109.3,96.89,44,45,14.92,scattered clouds
363,Mamakan,RU,57.8161,114.0028,82.36,40,4,9.15,clear sky
364,Svobodnyy,RU,51.4,128.1333,80.22,61,100,6.91,overcast clouds
365,Kutahya,TR,39.4242,29.9833,66.09,50,0,3.42,clear sky
366,Merauke,ID,-8.4667,140.3333,82.54,76,43,15.73,scattered clouds
367,Greystones,IE,53.1408,-6.0631,54.88,88,18,17.16,few clouds
368,Swan Hill,AU,-35.3378,143.5544,60.28,41,4,9.4,clear sky
369,Ouro Preto Do Oeste,BR,-10.7481,-62.2158,70.07,40,77,12.21,broken clouds
370,Belmonte,BR,-15.8631,-38.8828,70.3,90,17,9.78,few clouds
371,Norman Wells,CA,65.282,-126.8329,55.69,93,100,8.37,overcast clouds
372,Atascadero,US,35.4894,-120.6707,71.51,61,42,2.64,scattered clouds
373,Pervomayskoye,RU,43.919,46.7102,78.13,39,1,2.35,clear sky
374,Christchurch,NZ,-43.5333,172.6333,51.91,82,75,7.0,broken clouds
375,Gazanjyk,TM,39.2446,55.5154,82.24,40,98,5.68,overcast clouds
376,Warrnambool,AU,-38.3833,142.4833,58.8,78,46,13.49,scattered clouds
377,Yar-Sale,RU,66.8333,70.8333,58.86,58,70,10.13,broken clouds
378,Buraydah,SA,26.326,43.975,96.15,13,64,7.47,broken clouds
379,Kendari,ID,-3.945,122.4989,85.06,64,100,5.73,overcast clouds
380,Beringovskiy,RU,63.05,179.3167,49.5,67,99,14.88,overcast clouds
381,Hokitika,NZ,-42.7167,170.9667,52.99,83,99,3.83,overcast clouds
382,Phrae,TH,18.0833,100.0,87.6,67,99,4.56,overcast clouds
383,Nadym,RU,65.5333,72.5167,58.51,59,100,5.95,overcast clouds
384,Fukue,JP,32.6881,128.8419,81.93,70,21,3.06,few clouds
385,Jishou,CN,28.3167,109.7167,92.73,58,15,1.88,few clouds
386,Maha Sarakham,TH,16.3333,103.6667,92.17,59,100,11.16,overcast clouds
387,Adrar,MR,20.5022,-10.0711,85.06,35,95,13.76,overcast clouds
388,Nabire,ID,-3.3667,135.4833,84.16,74,37,3.04,scattered clouds
389,Gracac,HR,44.3006,15.8547,71.38,42,7,4.21,clear sky
390,Tabuk,PH,17.4189,121.4443,87.76,68,96,3.0,overcast clouds
391,Waitati,NZ,-45.75,170.5667,49.8,76,31,8.34,scattered clouds
392,Terme,TR,41.2092,36.9739,78.73,66,57,13.67,broken clouds
393,Narsaq,GL,60.9167,-46.05,48.42,93,74,3.04,broken clouds
394,Nayoro,JP,44.3506,142.4578,84.22,70,39,4.94,scattered clouds
395,Beloha,MG,-25.1667,45.05,63.97,82,0,7.54,clear sky
396,Xichang,CN,27.8964,102.2634,78.44,71,41,2.95,scattered clouds
397,Nanortalik,GL,60.1432,-45.2371,43.97,91,82,8.86,broken clouds
398,Rincon,US,32.296,-81.2354,78.85,94,1,0.0,clear sky
399,Padang,ID,-0.9492,100.3543,77.05,67,25,6.04,moderate rain
400,Loudeac,FR,48.1783,-2.7543,55.33,96,4,5.21,clear sky
401,Tuktoyaktuk,CA,69.4541,-133.0374,50.04,69,100,11.63,overcast clouds
402,Labuhan,ID,-6.8844,112.2051,87.75,52,22,5.01,few clouds
403,Nemuro,JP,43.3236,145.575,69.12,91,88,12.3,overcast clouds
404,Misheronskiy,RU,55.7193,39.7383,63.1,98,100,4.74,light rain
405,Ullapool,GB,57.8987,-5.1604,56.95,99,100,5.01,overcast clouds
406,Buala,SB,-8.145,159.5921,83.26,72,81,4.23,broken clouds
407,Disraeli,CA,45.9001,-71.3491,49.21,90,21,4.29,few clouds
408,Krasnyy Klyuch,RU,55.3863,56.6529,64.04,50,17,7.05,few clouds
409,Rocha,UY,-34.4833,-54.3333,43.68,64,78,12.12,broken clouds
410,Saint Anthony,US,45.0205,-93.218,84.65,76,1,5.01,clear sky
411,Arosa,CH,46.7779,9.6762,48.25,90,4,1.92,clear sky
412,Fort Nelson,CA,58.8053,-122.7002,59.31,67,9,1.83,clear sky
413,Crotone,IT,39.0851,17.1178,81.93,47,0,3.06,clear sky
414,Portales,US,34.1862,-103.3344,75.09,49,7,7.61,clear sky
415,Honiara,SB,-9.4333,159.95,82.51,79,31,3.83,light rain
416,Saint-Augustin,CA,51.226,-58.6502,54.77,93,28,6.58,scattered clouds
417,Jaisinghnagar,IN,23.7,81.3833,74.98,92,100,10.71,overcast clouds
418,Maun,BW,-19.9833,23.4167,47.53,54,1,4.99,clear sky
419,Bitung,ID,1.4451,125.1824,92.25,71,57,15.1,broken clouds
420,Aromashevo,RU,56.8602,68.6375,58.08,57,76,10.98,broken clouds
421,Svetlyy,RU,54.675,20.1347,66.25,88,8,9.8,clear sky
422,Japura,ID,-0.3167,102.35,93.02,41,14,4.83,few clouds
423,Shirvan,AZ,39.9509,48.8994,79.88,39,65,7.54,broken clouds
424,Margate,GB,51.3813,1.3862,56.97,82,23,1.99,few clouds
425,Segezha,RU,63.7415,34.3222,60.53,76,65,6.46,broken clouds
426,Necochea,AR,-38.5473,-58.7368,33.04,80,29,10.0,scattered clouds
427,Half Moon Bay,US,37.4636,-122.4286,73.74,85,1,0.0,clear sky
428,Chute-Aux-Outardes,CA,49.1168,-68.399,53.4,72,77,5.61,broken clouds
429,Belaya Gora,RU,68.5333,146.4167,49.93,53,100,8.63,overcast clouds
430,Saint-Joseph,RE,-21.3667,55.6167,72.21,81,82,19.57,light rain
431,Ratnagiri,IN,16.9833,73.3,81.61,81,100,18.34,overcast clouds
432,Vila Franca Do Campo,PT,37.7167,-25.4333,70.21,84,63,7.07,broken clouds
433,Maltahohe,NA,-24.8333,16.9833,45.18,42,0,6.04,clear sky
434,Biak,ID,-0.9131,122.8766,83.32,70,51,9.62,broken clouds
435,Alice Springs,AU,-23.7,133.8833,83.75,20,4,20.71,clear sky
436,Amahai,ID,-3.3333,128.9167,82.72,77,89,7.29,overcast clouds
437,Whitehorse,CA,60.7161,-135.0538,62.31,51,77,10.0,broken clouds
438,Olafsvik,IS,64.8945,-23.7142,50.92,87,50,14.03,scattered clouds
439,Ljungby,SE,56.8332,13.9408,62.8,94,19,8.41,few clouds
440,Asau,RO,46.4333,26.4,75.76,66,12,4.81,few clouds
441,Palauig,PH,15.435,119.9045,81.18,89,100,13.42,heavy intensity rain
442,Sao Miguel Do Araguaia,BR,-13.275,-50.1628,73.94,52,0,13.2,clear sky
443,Mersin,TR,36.862,34.6509,88.95,22,0,3.91,clear sky
444,Portland,US,45.5234,-122.6762,83.75,51,20,1.01,few clouds
445,Pilar,BR,-9.5972,-35.9567,66.13,95,1,3.27,clear sky
446,Manta,EC,-0.95,-80.7333,73.18,88,90,10.36,overcast clouds
447,Anchorage,US,61.2181,-149.9003,60.31,83,90,1.01,overcast clouds
448,Kaitong,CN,44.8135,123.15,82.44,57,100,2.17,overcast clouds
449,Bereda,ES,43.2686,-7.5406,57.92,100,63,3.24,broken clouds
450,Umba,RU,66.6871,34.3429,50.56,85,100,7.72,overcast clouds
451,Yulara,AU,-25.2406,130.9889,78.13,23,2,16.84,clear sky
452,Sarangani,PH,5.4033,125.4636,84.83,74,76,10.94,broken clouds
453,Severodvinsk,RU,64.5635,39.8302,48.31,74,32,7.63,scattered clouds
454,Anadyr,RU,64.75,177.4833,52.3,53,40,24.61,scattered clouds
455,Trofors,NO,65.5333,13.4063,62.06,54,29,1.19,scattered clouds
456,Port Keats,AU,-14.25,129.55,86.58,47,33,11.41,scattered clouds
457,Jinka,ET,5.65,36.65,62.55,70,100,4.16,overcast clouds
458,Guayaramerin,BO,-10.8368,-65.3614,68.13,31,50,8.12,scattered clouds
459,Kiunga,PG,-6.1219,141.2906,87.6,65,85,1.77,overcast clouds
460,Cockburn Town,TC,21.4612,-71.1419,81.72,78,99,21.47,overcast clouds
461,Mayo,US,38.8876,-76.5119,78.21,86,75,4.0,broken clouds
462,Sabratah,LY,32.7933,12.4885,79.92,42,0,7.56,clear sky
463,Eureka,US,40.8021,-124.1637,70.66,87,25,4.38,scattered clouds
464,Pocatello,US,42.8713,-112.4455,75.11,53,1,6.91,clear sky
465,Faya,SA,18.3851,42.4509,66.72,46,77,5.03,broken clouds
466,Skibbereen,IE,51.55,-9.2667,55.2,80,89,6.82,overcast clouds
467,Hualmay,PE,-11.0964,-77.6139,63.09,84,69,9.24,broken clouds
468,Pamekasan,ID,-7.1568,113.4746,86.31,55,45,4.03,scattered clouds
469,Raudeberg,NO,61.9875,5.1352,63.19,97,100,7.56,overcast clouds
470,Buhe,CN,30.2876,112.2298,88.12,60,62,5.95,broken clouds
471,Fomboni,KM,-12.28,43.7425,77.02,67,3,18.97,clear sky
472,Nijar,ES,36.9665,-2.206,71.24,78,0,3.44,clear sky
473,Port Blair,IN,11.6667,92.75,84.11,80,100,19.44,overcast clouds
474,Campoverde,PE,-8.4753,-74.8058,70.0,99,19,2.1,few clouds
475,Cochrane,CA,51.1834,-114.4687,72.61,49,29,5.61,scattered clouds
476,Yugorsk,RU,61.3133,63.3319,46.81,84,100,6.73,light rain
477,Hofn,IS,64.2539,-15.2082,55.24,77,100,9.57,moderate rain
478,Keti Bandar,PK,24.1447,67.4497,84.96,76,100,24.38,overcast clouds
479,Bintulu,MY,3.1667,113.0333,89.28,63,63,5.21,broken clouds
480,Kahului,US,20.8947,-156.47,78.84,84,40,21.85,scattered clouds
481,Gueugnon,FR,46.6036,4.0629,60.75,96,7,0.96,clear sky
482,Namatanai,PG,-3.6667,152.4333,84.06,70,31,5.17,scattered clouds
483,Gao,ML,16.6362,1.637,83.21,59,37,13.31,scattered clouds
484,San Jose,US,37.3394,-121.895,73.71,68,40,3.0,scattered clouds
485,Richmond,US,37.5538,-77.4603,76.14,89,20,4.61,few clouds
486,Allapalli,IN,19.4167,80.0667,80.78,79,100,6.67,overcast clouds
487,Petawawa,CA,45.9001,-77.3328,60.78,78,34,3.11,scattered clouds
488,Ifanadiana,MG,-21.3,47.6333,60.58,98,91,1.41,overcast clouds
489,Macklin,CA,52.3334,-109.9348,67.98,39,46,8.08,scattered clouds
490,Kuzhener,RU,56.8111,48.9128,67.91,53,19,9.75,few clouds
491,Teodoro Sampaio,BR,-22.5325,-52.1675,40.89,51,18,6.04,few clouds
492,Puerto Carreno,CO,6.189,-67.4859,75.61,90,100,2.59,overcast clouds
493,Tessalit,ML,20.1986,1.0114,88.18,36,43,8.72,scattered clouds
494,Caravelas,BR,-17.7125,-39.2481,71.2,93,21,9.48,few clouds
495,Aykhal,RU,66.0,111.5,81.73,43,10,4.14,clear sky
496,Vicuna,CL,-30.0319,-70.7081,42.53,14,0,5.19,clear sky
497,Hambantota,LK,6.1241,81.1185,87.55,64,91,20.29,overcast clouds
498,Viedma,AR,-40.8135,-62.9967,43.39,49,0,9.44,clear sky
499,Ozernovskiy,RU,51.5,156.5167,57.4,94,95,5.44,overcast clouds
500,Kushima,JP,31.4583,131.2333,87.82,53,0,6.04,clear sky
501,Yate,GB,51.5407,-2.4184,56.12,86,34,4.0,scattered clouds
502,Barcelos,PT,41.5388,-8.6151,66.92,77,20,3.94,few clouds
503,Bourail,NC,-21.5667,165.4833,73.87,55,19,0.72,few clouds
504,Takoradi,GH,4.8845,-1.7554,75.67,81,100,5.61,overcast clouds
505,San Carlos De Bariloche,AR,-41.1456,-71.3082,35.44,58,5,2.39,clear sky
506,Noumea,NC,-22.2763,166.4572,76.98,59,25,8.88,scattered clouds
507,Orange Cove,US,36.6244,-119.3137,89.62,39,1,8.05,clear sky
508,Alakurtti,RU,66.9672,30.3491,52.97,90,99,5.93,overcast clouds
509,Nyurba,RU,63.2842,118.3319,78.15,24,9,7.65,clear sky
510,Lompoc,US,34.6391,-120.4579,64.08,85,90,4.61,overcast clouds
511,Sao Joao Da Barra,BR,-21.6403,-41.0511,65.95,83,100,17.6,overcast clouds
512,Glazov,RU,58.1394,52.6584,64.17,51,30,9.37,scattered clouds
513,Dickinson,US,29.4608,-95.0513,86.13,79,20,5.75,few clouds
514,Rio Grande,BR,-32.035,-52.0986,37.94,81,36,20.49,scattered clouds
515,Santo Antonio De Posse,BR,-22.6061,-46.9194,48.22,92,39,4.18,scattered clouds
516,Launceston,AU,-41.45,147.1667,55.62,60,29,5.99,scattered clouds
517,San Policarpo,PH,12.1791,125.5072,91.92,54,78,4.88,broken clouds
518,Jiexiu,CN,37.0244,111.9125,85.86,43,5,6.35,clear sky
519,Natitingou,BJ,10.3042,1.3796,69.28,95,97,3.76,overcast clouds
520,San Quintin,MX,30.4833,-115.95,69.21,83,0,12.64,clear sky
521,Mbuji-Mayi,CD,-6.15,23.6,68.94,43,7,2.64,clear sky
522,Umarga,IN,17.8333,76.6167,75.94,76,100,20.0,overcast clouds
523,Bulgan,MN,48.8125,103.5347,74.66,48,16,3.58,few clouds
524,Luzhou,CN,28.8724,105.4405,93.33,57,8,0.81,clear sky
525,Verkhnyaya Inta,RU,65.9811,60.3094,48.65,78,100,2.13,overcast clouds
526,Agde,FR,43.3108,3.4758,67.44,78,0,9.22,clear sky
527,Dubna,RU,56.7333,37.1667,65.19,88,97,4.0,overcast clouds
528,Tshikapa,CD,-6.4167,20.8,64.83,31,2,2.66,clear sky
529,Najran,SA,17.4924,44.1277,86.67,37,46,6.55,scattered clouds
530,Ugra,RU,54.7777,34.3267,66.22,91,36,4.63,scattered clouds
531,Westport,US,41.1415,-73.3579,73.15,90,1,4.0,clear sky
532,Kuala Kedah,MY,6.1,100.3,84.42,71,100,5.48,overcast clouds
533,Polson,US,47.6936,-114.1632,73.8,69,66,5.5,broken clouds
534,Pozo Colorado,PY,-23.4923,-58.7972,42.75,46,44,6.4,scattered clouds
535,Arco,IT,45.9177,10.8867,71.62,96,20,4.21,few clouds
536,Rexburg,US,43.826,-111.7897,69.78,67,1,0.0,clear sky
537,Yamethin,MM,20.4333,96.15,81.57,79,97,10.51,overcast clouds
538,Itarema,BR,-2.9248,-39.9167,76.84,90,26,10.42,scattered clouds
539,Isugod,PH,9.3408,118.1196,89.74,59,97,12.15,overcast clouds
540,Aksu,CN,41.1231,80.2644,97.23,14,75,4.09,broken clouds
541,Ostruznica,RS,44.7283,20.3192,75.29,80,0,4.61,clear sky
542,Aktash,RU,50.3,87.7333,58.46,40,21,2.57,few clouds
543,Popondetta,PG,-8.7537,148.2534,80.11,89,49,3.42,scattered clouds
544,Ati,TD,13.2154,18.3353,76.46,80,100,4.34,overcast clouds
545,Le Vauclin,MQ,14.5452,-60.8388,81.84,89,0,2.3,clear sky
546,Amarillo,US,35.222,-101.8313,80.1,57,1,1.99,clear sky
547,Kurtamysh,RU,54.9103,64.4319,61.79,51,10,12.08,clear sky
548,Uetendorf,CH,46.7739,7.5725,63.48,89,75,3.44,broken clouds
549,Boisar,IN,19.8,72.75,82.13,84,100,20.54,overcast clouds
550,Cumberland,US,35.0502,-78.8664,74.64,93,1,3.44,clear sky
551,Sobolevo,RU,54.4299,31.8996,68.58,81,12,5.28,few clouds
552,Ostrovnoy,RU,68.0531,39.5131,47.79,73,100,3.47,overcast clouds
553,Afonino,RU,56.262,44.095,61.99,96,90,2.24,light rain
554,Sadabad,IN,27.45,78.05,86.97,69,99,6.6,overcast clouds
555,Diego De Almagro,CL,-26.3667,-70.05,51.21,19,0,4.12,clear sky
556,Lima,PE,-12.0432,-77.0282,59.25,88,90,9.22,overcast clouds
557,Derzhavinsk,KZ,51.1,66.3167,67.26,40,5,11.21,clear sky
558,Tucumcari,US,35.1717,-103.725,76.84,50,1,4.61,clear sky
559,Hit,IQ,33.6416,42.8251,93.61,18,0,23.42,clear sky
560,Araouane,ML,18.9048,-3.5265,91.56,41,36,16.17,scattered clouds
561,Iwanai,JP,42.9744,140.5089,76.71,85,95,5.5,overcast clouds
562,Zamboanguita,PH,9.1025,123.1996,88.09,66,33,13.04,scattered clouds
563,Vostok,RU,46.4856,135.8833,89.87,44,82,2.95,broken clouds
564,Talaya,RU,61.3833,152.75,47.14,54,100,14.76,overcast clouds
565,Mocuba,MZ,-16.8392,36.9856,60.51,87,0,2.37,clear sky
566,Vyazemskiy,RU,47.5378,134.7525,96.96,35,87,8.43,overcast clouds
567,Winnemucca,US,40.973,-117.7357,75.11,23,1,5.75,clear sky
568,Leeds,GB,53.7964,-1.5477,56.39,76,20,4.0,few clouds
569,Tondano,ID,1.3038,124.9112,84.29,59,46,5.46,scattered clouds
570,Yaan,NG,7.3833,8.5667,69.93,93,93,4.68,overcast clouds
571,Anshun,CN,26.25,105.9333,80.91,60,16,7.31,few clouds
572,Mersing,MY,2.4312,103.8405,91.92,53,82,5.06,broken clouds
573,Lasa,IT,46.6166,10.7002,58.03,86,1,1.77,clear sky
574,Viota,CO,4.4371,-74.5216,75.85,85,91,6.6,overcast clouds
575,Talnakh,RU,69.4865,88.3972,63.72,58,100,6.44,overcast clouds
576,Champerico,GT,14.3,-91.9167,83.35,82,100,7.38,overcast clouds
577,Young,UY,-32.6833,-57.6333,37.22,82,15,4.41,few clouds
578,Venado Tuerto,AR,-33.7456,-61.9688,32.77,58,0,3.69,clear sky
579,Comarapa,BO,-17.9,-64.4833,39.22,53,100,3.4,overcast clouds
580,Raul Soares,BR,-20.1022,-42.4519,66.99,70,56,8.14,broken clouds
581,Kysyl-Syr,RU,63.8986,122.7617,74.59,26,18,5.17,few clouds
582,Fereydun Kenar,IR,36.6864,52.5225,73.71,80,100,8.81,overcast clouds
583,Sozopol,BG,42.4167,27.7,73.74,41,0,3.24,clear sky
584,Ardatov,RU,55.2421,43.097,61.81,97,100,8.16,moderate rain
585,Bucak,TR,37.4592,30.595,80.64,35,0,7.56,clear sky
586,Gravdal,NO,68.1214,13.5031,53.28,87,20,19.57,few clouds
587,Kutum,SD,14.2,24.6667,75.49,70,100,3.83,overcast clouds
588,Monte Alegre,BR,-2.0078,-54.0692,75.51,73,36,3.11,scattered clouds
589,Tateyama,JP,34.9833,139.8667,89.62,79,13,16.08,few clouds
590,Hawkesbury,CA,45.6001,-74.616,65.7,75,96,3.58,overcast clouds
591,Vanimo,PG,-2.6741,141.3028,83.5,78,34,7.2,scattered clouds
592,Nantucket,US,41.2835,-70.0995,67.08,88,1,0.0,clear sky
593,Mariental,NA,-24.6333,17.9667,46.45,46,0,7.23,clear sky
594,Quelimane,MZ,-17.8786,36.8883,58.95,94,40,2.3,scattered clouds
595,Santa Cruz Del Norte,CU,23.1539,-81.9236,77.74,76,5,11.45,clear sky
596,Moyale,KE,3.5167,39.0584,63.63,74,98,12.21,overcast clouds
597,Pierre,US,44.3683,-100.351,77.92,57,1,11.5,clear sky
598,Bauchi,NG,10.5,10.0,68.7,92,100,3.02,overcast clouds
599,Denpasar,ID,-8.65,115.2167,82.06,83,75,19.57,broken clouds
600,Teya,RU,60.3778,92.6267,54.72,97,100,2.39,light rain
601,Vestmannaeyjar,IS,63.4427,-20.2734,53.17,86,19,4.72,few clouds
602,Arman,RU,59.7,150.1667,50.77,77,100,5.21,overcast clouds
603,Ilave,PE,-16.0833,-69.6667,37.83,92,48,4.65,scattered clouds
604,Dir,PK,35.2058,71.8756,76.82,82,94,5.46,overcast clouds
605,Gushikawa,JP,26.3544,127.8686,89.19,70,40,9.22,scattered clouds
606,Bahia Honda,CU,22.9036,-83.1592,79.29,87,55,7.34,broken clouds
607,Marawi,PH,7.9986,124.2928,83.64,45,97,6.04,overcast clouds
608,Pergamino,AR,-33.89,-60.5736,35.26,65,0,6.2,clear sky
609,Havre,FR,49.5833,0.3333,58.77,82,90,19.57,overcast clouds
610,Bethanien,NA,-26.502,17.1583,40.77,71,0,1.41,clear sky
611,Bilma,NE,18.6853,12.9164,88.79,40,78,8.25,broken clouds
612,Tosya,TR,41.0155,34.0401,66.51,51,0,3.62,clear sky
613,Manono,CD,-7.3,27.4167,68.56,40,2,4.83,clear sky
614,Ginir,ET,7.1333,40.7,58.35,72,100,14.18,overcast clouds
615,Crossville,US,35.949,-85.0269,71.94,95,1,0.0,mist
616,Khon Kaen,TH,16.5,102.0833,85.57,62,100,7.83,overcast clouds
617,Wamba,NG,8.9333,8.6,70.23,88,88,2.08,overcast clouds
618,Santa Isabel Do Rio Negro,BR,-0.4139,-65.0192,70.93,97,72,2.26,broken clouds
619,Pervoye Maya,RU,56.164,44.7196,62.31,90,100,3.31,light rain
620,Ladybrand,ZA,-29.1945,27.4574,34.36,66,2,1.61,clear sky
621,Waddan,LY,29.1614,16.139,74.5,57,0,3.78,clear sky
622,Harwich,GB,51.9419,1.2844,56.21,88,13,8.01,few clouds
623,Santa Vitoria Do Palmar,BR,-33.5189,-53.3681,40.03,81,52,11.63,broken clouds
624,Tokur,RU,53.1333,132.9,72.01,65,99,8.81,light rain
625,Auray,FR,47.6703,-2.9918,62.74,91,0,6.11,clear sky
626,Itoman,JP,26.1247,127.6694,89.98,84,75,13.8,broken clouds
627,Honningsvag,NO,70.9821,25.9704,44.35,87,75,2.3,broken clouds
628,Patan,NP,27.6667,85.3333,80.98,69,20,2.3,few clouds
629,Ialibu,PG,-6.2821,143.9935,64.33,90,65,2.33,broken clouds
630,Tucuma,BR,-0.1833,-50.05,74.88,91,80,2.33,broken clouds
631,Sinyavskoye,RU,47.277,39.2789,74.12,57,5,3.78,clear sky
632,Jasper,US,37.2001,-94.3502,80.65,84,1,0.0,clear sky
633,La Ronge,CA,55.1001,-105.2842,64.62,72,75,6.91,thunderstorm
634,Luena,AO,-11.7833,19.9167,46.33,56,88,3.49,overcast clouds
635,Qaqortoq,GL,60.7167,-46.0333,48.7,96,62,0.22,broken clouds
636,Marsh Harbour,BS,26.5412,-77.0636,83.35,74,67,10.02,broken clouds
637,Jodiya,IN,22.6925,70.306,86.5,81,100,25.68,overcast clouds
638,Dudinka,RU,69.4058,86.1778,63.21,59,92,7.05,overcast clouds
639,Panji,ID,-7.7253,114.0995,90.25,45,13,9.37,few clouds
640,San Salvo,IT,42.0433,14.7272,83.1,35,0,4.34,clear sky
641,Zhongshu,CN,24.5167,103.7667,76.42,73,51,0.29,broken clouds
642,Kapoeta,SS,4.7717,33.5903,76.87,50,99,10.85,overcast clouds
643,Mataram,ID,-8.5833,116.1167,86.81,68,30,12.97,scattered clouds
644,Negara,ID,-8.3151,114.6025,83.16,68,23,10.04,few clouds
645,Ahuimanu,US,21.4447,-157.8378,80.31,71,75,10.36,broken clouds
646,Yangcun,CN,39.3639,117.0603,74.26,95,100,10.07,moderate rain
647,Bechet,RO,43.7667,23.95,75.04,46,1,1.99,clear sky
648,Banjar,ID,-8.19,114.9675,82.26,60,27,0.67,scattered clouds
649,Korla,CN,41.7597,86.1469,98.4,13,5,11.23,clear sky
650,Sherpur,BD,25.0188,90.0175,80.58,86,100,20.49,overcast clouds
651,Sann,PK,26.0418,68.1378,94.91,52,100,3.94,overcast clouds
652,Mangaratiba,BR,-22.9597,-44.0406,64.02,88,100,7.92,overcast clouds
653,Ust-Kuyga,RU,70.0167,135.6,61.41,39,58,9.17,broken clouds
654,Puri,IN,19.8,85.85,82.38,86,100,20.36,light rain
655,Mandera,KE,3.9366,41.867,76.14,59,100,17.25,overcast clouds
656,Novoselitskoye,RU,44.7508,43.4369,64.27,45,0,3.44,clear sky
657,El Ejido,ES,36.7763,-2.8146,78.1,76,2,3.62,clear sky
658,Nushki,PK,29.5542,66.0215,93.74,9,7,6.55,clear sky
659,Steinbach,DE,50.1667,8.5667,62.58,86,20,3.44,few clouds
660,Cartagena,CO,10.3997,-75.5144,79.86,84,3,17.92,clear sky
661,Fairbanks,US,64.8378,-147.7164,62.94,87,75,0.0,broken clouds
662,Kurchum,KZ,48.5722,83.6542,70.75,31,79,4.54,broken clouds
663,Ajdabiya,LY,30.7554,20.2263,76.8,67,0,6.38,clear sky
664,Sinnamary,GF,5.3833,-52.95,76.53,88,99,6.49,overcast clouds
665,Kenai,US,60.5544,-151.2583,60.03,74,90,18.41,overcast clouds
666,Sechura,PE,-5.5569,-80.8222,67.01,82,34,11.27,scattered clouds
667,Barranca,PE,-10.75,-77.7667,62.29,87,70,7.7,broken clouds
668,Tete,MZ,-16.1564,33.5867,53.69,94,40,2.3,scattered clouds
669,Avera,US,33.194,-82.5271,79.72,72,53,2.75,broken clouds
670,Miles City,US,46.4083,-105.8406,74.37,40,1,5.75,clear sky
671,Wageningen,NL,51.9667,5.6667,60.12,90,40,8.05,scattered clouds
672,Chabahar,IR,25.2919,60.643,88.63,71,100,9.1,overcast clouds
673,Iraquara,BR,-12.2486,-41.6194,61.52,80,0,0.4,clear sky
674,Gaogou,CN,34.0175,119.1886,76.57,89,93,15.12,overcast clouds
675,Vagur,FO,61.4732,-6.8119,50.94,99,100,10.8,overcast clouds
676,Katav-Ivanovsk,RU,54.7531,58.1956,63.16,47,48,9.37,scattered clouds
677,Cayenne,GF,4.9333,-52.3333,76.08,89,0,1.14,clear sky
678,Nyuksenitsa,RU,60.4128,44.2397,64.44,79,99,4.83,overcast clouds
679,Uspantan,GT,15.3833,-90.8333,59.86,99,100,1.88,overcast clouds
680,Sierra Vista,US,31.5545,-110.3037,75.81,67,40,10.36,scattered clouds
681,Balkanabat,TM,39.5108,54.3671,83.25,38,100,4.7,overcast clouds
682,Bandarbeyla,SO,9.4942,50.8122,83.23,56,91,28.43,overcast clouds
683,Santa Rosa,PH,14.3122,121.1114,81.91,85,98,13.76,overcast clouds
684,Ponta Delgada,PT,37.7333,-25.6667,70.52,88,75,4.61,broken clouds
685,Bengkulu,ID,-3.8004,102.2655,85.41,65,53,9.86,broken clouds
686,Karibib,NA,-21.9333,15.8333,52.72,31,0,8.81,clear sky
687,Kamina,CD,-8.7386,24.9906,57.38,43,0,3.38,clear sky
688,Tobe,JP,33.7447,132.7901,88.68,53,3,5.59,clear sky
